y,rule,order,draw,b3,lo,hi,n
breadth,code,api,,-0.056416370419743345,-0.05984742430903958,-0.05298531653044711,4000
breadth,first,api,,-0.02522682763323414,-0.03404148394960645,-0.016412171316861825,4000
breadth,first,rev,,-0.07163597689058498,-0.08005693342575812,-0.06321502035541185,4000
breadth,last,api,,-0.025454692496911235,-0.0349534392265567,-0.01595594576726577,4000
breadth,last,rev,,-0.08325205328092933,-0.09163103183563111,-0.07487307472622755,4000
breadth,random,api,0.0,-0.02680465213570371,-0.036159829097699187,-0.01744947517370823,4000
breadth,random,api,1.0,-0.02754761014376772,-0.036964465979367686,-0.018130754308167758,4000
breadth,random,api,2.0,-0.02565846219117285,-0.03506711411017797,-0.01624981027216773,4000
breadth,random,api,3.0,-0.0258899446673424,-0.03533271204333671,-0.016447177291348092,4000
breadth,random,api,4.0,-0.026110550037559355,-0.035510287865564136,-0.016710812209554574,4000
breadth,random,api,5.0,-0.028010373312857384,-0.03749442463100246,-0.01852632199471231,4000
breadth,random,api,6.0,-0.026408100329164963,-0.035835455593342905,-0.01698074506498702,4000
breadth,random,api,7.0,-0.02760987614003163,-0.0370226218340265,-0.018197130446036762,4000
breadth,random,api,8.0,-0.02612492677797018,-0.03555549171009234,-0.01669436184584802,4000
breadth,random,api,9.0,-0.026755795440903674,-0.03615519809648928,-0.017356392785318066,4000
breadth,random,api,10.0,-0.026259473387338028,-0.03571387902161959,-0.016805067753056464,4000
breadth,random,api,11.0,-0.026998075640808583,-0.03642813197632232,-0.01756801930529485,4000
breadth,random,api,12.0,-0.02610048646862073,-0.03551737717042258,-0.016683595766818885,4000
breadth,random,api,13.0,-0.026083576568611377,-0.03553198457881481,-0.016635168558407944,4000
breadth,random,api,14.0,-0.026564110861828638,-0.03599568990045128,-0.017132531823205996,4000
breadth,random,api,15.0,-0.02600227468756633,-0.035435484295102376,-0.016569065080030285,4000
breadth,random,api,16.0,-0.026052015018981134,-0.03549794033551986,-0.016606089702442407,4000
breadth,random,api,17.0,-0.026600163759995743,-0.0360082224466333,-0.017192105073358187,4000
breadth,random,api,18.0,-0.026272262304427585,-0.0356910112575666,-0.016853513351288568,4000
breadth,random,api,19.0,-0.026650709868198064,-0.03612245536940276,-0.017178964366993364,4000
breadth,random,rev,0.0,-0.08345452074811566,-0.09056011997582325,-0.07634892152040806,4000
breadth,random,rev,1.0,-0.08252161016812942,-0.09017104409033594,-0.0748721762459229,4000
breadth,random,rev,2.0,-0.0831008312435495,-0.09123480514621934,-0.07496685734087966,4000
breadth,random,rev,3.0,-0.08164496467092253,-0.08933909006477903,-0.07395083927706603,4000
breadth,random,rev,4.0,-0.08177312848860607,-0.08951541642436504,-0.0740308405528471,4000
breadth,random,rev,5.0,-0.08061734529858366,-0.08826948586603257,-0.07296520473113476,4000
breadth,random,rev,6.0,-0.08231246522219082,-0.09006203290595738,-0.07456289753842427,4000
breadth,random,rev,7.0,-0.08169742807471914,-0.08974294027899737,-0.0736519158704409,4000
breadth,random,rev,8.0,-0.08206795570846981,-0.08905518574089519,-0.07508072567604443,4000
breadth,random,rev,9.0,-0.08100062903554828,-0.0890772012535116,-0.07292405681758496,4000
breadth,random,rev,10.0,-0.08197171690392058,-0.08974754892714894,-0.07419588488069222,4000
breadth,random,rev,11.0,-0.08280105481936084,-0.09020880222091182,-0.07539330741780986,4000
breadth,random,rev,12.0,-0.08314384926372353,-0.09091626535826984,-0.07537143316917723,4000
breadth,random,rev,13.0,-0.08207038821925938,-0.09022809384028926,-0.0739126825982295,4000
breadth,random,rev,14.0,-0.08280210217014694,-0.0907710082767977,-0.07483319606349619,4000
breadth,random,rev,15.0,-0.08082128627342955,-0.08809449737029673,-0.07354807517656237,4000
breadth,random,rev,16.0,-0.08211927504011829,-0.09020288553824744,-0.07403566454198914,4000
breadth,random,rev,17.0,-0.0818272543060109,-0.08899804587590956,-0.07465646273611223,4000
breadth,random,rev,18.0,-0.0813133574941215,-0.08939785947086809,-0.0732288555173749,4000
breadth,random,rev,19.0,-0.08204518194564092,-0.08966174673831057,-0.07442861715297128,4000
depth,code,api,,-0.06761920077474681,-0.07946236896850428,-0.055776032580989336,4000
depth,first,api,,-0.05029284920836846,-0.05961042042615764,-0.04097527799057928,4000
depth,first,rev,,-0.029192815325825072,-0.03915921894403257,-0.01922641170761757,4000
depth,last,api,,0.016067793569034594,0.00725214935573585,0.02488343778233334,4000
depth,last,rev,,0.04221084991743779,0.03274945795271184,0.05167224188216373,4000
depth,random,api,0.0,-0.025120758779980046,-0.035557730839806304,-0.01468378672015379,4000
depth,random,api,1.0,-0.01658289589115486,-0.027114897693150137,-0.00605089408915958,4000
depth,random,api,2.0,-0.023678756732160577,-0.03438401229475957,-0.012973501169561584,4000
depth,random,api,3.0,-0.0197730227634052,-0.030623690183884167,-0.008922355342926234,4000
depth,random,api,4.0,-0.018696601984258876,-0.02964071610927934,-0.007752487859238412,4000
depth,random,api,5.0,-0.02581106207980144,-0.03658257289811932,-0.015039551261483557,4000
depth,random,api,6.0,-0.016729968159874486,-0.026745513422150338,-0.0067144228975986354,4000
depth,random,api,7.0,-0.019741522461306504,-0.03051107459193856,-0.00897197033067445,4000
depth,random,api,8.0,-0.02266315834319721,-0.032916831730970465,-0.012409484955423955,4000
depth,random,api,9.0,-0.025899326358275354,-0.03638785426738927,-0.015410798449161442,4000
depth,random,api,10.0,-0.02459658938779863,-0.035767473704221134,-0.013425705071376125,4000
depth,random,api,11.0,-0.019283634533310945,-0.029530887921822194,-0.009036381144799694,4000
depth,random,api,12.0,-0.019557217202477883,-0.030211628423450113,-0.008902805981505654,4000
depth,random,api,13.0,-0.025381420188040626,-0.03611395443051417,-0.014648885945567085,4000
depth,random,api,14.0,-0.02415748922255051,-0.03427816123099926,-0.01403681721410176,4000
depth,random,api,15.0,-0.02009513988655559,-0.031153112290301616,-0.009037167482809565,4000
depth,random,api,16.0,-0.02011302245809904,-0.03063369740545881,-0.009592347510739268,4000
depth,random,api,17.0,-0.024758144779644276,-0.0352751280298967,-0.014241161529391854,4000
depth,random,api,18.0,-0.017966035500804167,-0.028563481686604643,-0.007368589315003692,4000
depth,random,api,19.0,-0.02764916141821977,-0.038329983882955256,-0.016968338953484284,4000
depth,random,rev,0.0,0.0002149218816803189,-0.009744878099229132,0.01017472186258977,4000
depth,random,rev,1.0,-0.00511794177814906,-0.016618825561788713,0.006382942005490593,4000
depth,random,rev,2.0,-0.014646736461090548,-0.02597121223938085,-0.0033222606828002457,4000
depth,random,rev,3.0,-0.010951105281595708,-0.02288118450771527,0.0009789739445238543,4000
depth,random,rev,4.0,-0.008397580722117659,-0.020161300543100277,0.0033661390988649585,4000
depth,random,rev,5.0,-0.010732180519099466,-0.021556910263170602,9.254922497166883e-05,4000
depth,random,rev,6.0,0.0019536849227742015,-0.008520329975579327,0.01242769982112773,4000
depth,random,rev,7.0,-0.0051729146901642875,-0.015954400890545645,0.00560857151021707,4000
depth,random,rev,8.0,-0.0036855417371084442,-0.01527138832405836,0.007900304849841472,4000
depth,random,rev,9.0,0.0007614310887957831,-0.009884780893488621,0.011407643071080187,4000
depth,random,rev,10.0,-0.008095618513953906,-0.019240805775953156,0.0030495687480453434,4000
depth,random,rev,11.0,0.0008732108885891599,-0.010706201878874336,0.012452623656052656,4000
depth,random,rev,12.0,0.0004988336387206083,-0.010369342527817042,0.011367009805258258,4000
depth,random,rev,13.0,-0.009647900056907632,-0.021439366075184284,0.002143565961369021,4000
depth,random,rev,14.0,-0.006002663447935985,-0.0180581671062748,0.006052840210402831,4000
depth,random,rev,15.0,0.0023334980849800124,-0.009119266741787284,0.013786262911747308,4000
depth,random,rev,16.0,-0.006950492510262585,-0.018607100018834474,0.004706114998309304,4000
depth,random,rev,17.0,-0.003642818992492858,-0.014932369219974324,0.007646731234988609,4000
depth,random,rev,18.0,-0.009023365062576172,-0.021159237677496945,0.0031125075523445993,4000
depth,random,rev,19.0,-0.007278916958414872,-0.01958198650709643,0.005024152590266687,4000
