scenario,draw,y,b3,n
paper_frame,-1,log_breadth,0.023037570595806633,123189
paper_frame,-1,log_depth,-0.054704138644025214,123189
reconstructed_unperturbed,-1,log_breadth,0.016096230044169185,120693
reconstructed_unperturbed,-1,log_depth,-0.049445565829344486,120693
per_platform,2,log_breadth,0.024006968663016354,120693
per_platform,2,log_depth,-0.027165597371806245,120693
per_platform,6,log_breadth,0.004445188906755215,120693
per_platform,6,log_depth,-0.007405410046871229,120693
per_platform,0,log_breadth,0.017463977755974924,120693
per_platform,0,log_depth,-0.034082927743312424,120693
per_platform,4,log_breadth,0.019738965064401037,120693
per_platform,4,log_depth,-0.012493077696868422,120693
per_platform,1,log_breadth,4.3985108090505154e-11,120693
per_platform,1,log_depth,-0.005918180394705292,120693
per_platform,8,log_breadth,0.024006968676368007,120693
per_platform,8,log_depth,-0.007157605878534105,120693
per_platform,5,log_breadth,0.025168670833855506,120693
per_platform,5,log_depth,-0.025610252946094224,120693
per_platform,3,log_breadth,0.002256483354711805,120693
per_platform,3,log_depth,-0.012504752370413316,120693
per_platform,7,log_breadth,0.015688918740025835,120693
per_platform,7,log_depth,-0.010631916042599667,120693
per_platform,12,log_breadth,9.939965517347105e-16,120693
per_platform,12,log_depth,-1.3769339490222675e-05,120693
per_platform,11,log_breadth,0.00407263413630294,120693
per_platform,11,log_depth,-0.003738117813924956,120693
per_platform,10,log_breadth,0.023077083076544103,120693
per_platform,10,log_depth,-0.012948456633019478,120693
per_platform,9,log_breadth,0.020069057609862707,120693
per_platform,9,log_depth,-0.011312491515955555,120693
per_platform,13,log_breadth,1.1140177322288558e-14,120693
per_platform,13,log_depth,-2.2457422328260256e-05,120693
per_platform,14,log_breadth,0.018880613306098314,120693
per_platform,14,log_depth,-0.008177858466932733,120693
per_platform,15,log_breadth,2.3779589408690072e-14,120693
per_platform,15,log_depth,-2.095392025419772e-06,120693
per_platform,21,log_breadth,0.004037918939208466,120693
per_platform,21,log_depth,-0.01510311131148458,120693
per_platform,17,log_breadth,0.02007141491779585,120693
per_platform,17,log_depth,-0.02115623324396408,120693
per_platform,16,log_breadth,1.5393285604514695e-14,120693
per_platform,16,log_depth,-1.6043748494445208e-15,120693
per_platform,25,log_breadth,0.000670473609426285,120693
per_platform,25,log_depth,-1.2115168474451948e-10,120693
per_platform,20,log_breadth,0.038456595928898274,120693
per_platform,20,log_depth,-0.038914975987579245,120693
per_platform,24,log_breadth,8.683145348575838e-12,120693
per_platform,24,log_depth,-0.006759807330618112,120693
per_platform,22,log_breadth,0.02110155928640256,120693
per_platform,22,log_depth,-0.015699432899607957,120693
per_platform,18,log_breadth,1.1824473789869006e-08,120693
per_platform,18,log_depth,-0.0008347179305645799,120693
per_platform,23,log_breadth,0.017678010559961398,120693
per_platform,23,log_depth,-0.010033413931066232,120693
per_platform,27,log_breadth,0.008016603569457981,120693
per_platform,27,log_depth,-0.0283760304039171,120693
per_platform,19,log_breadth,0.016451876778415912,120693
per_platform,19,log_depth,-0.02342947657314991,120693
per_platform,28,log_breadth,0.021786177985075608,120693
per_platform,28,log_depth,-0.0367441461151317,120693
per_platform,29,log_breadth,0.008734731326906053,120693
per_platform,29,log_depth,-0.007096256932299678,120693
per_platform,26,log_breadth,0.00044783884573914093,120693
per_platform,26,log_depth,-4.15001427668335e-09,120693
per_platform,31,log_breadth,0.03069922955465379,120693
per_platform,31,log_depth,-0.030377528886435152,120693
per_platform,39,log_breadth,0.03689430969248404,120693
per_platform,39,log_depth,-0.04641577086544939,120693
per_platform,37,log_breadth,0.012459176671901535,120693
per_platform,37,log_depth,-0.010173323336589568,120693
per_platform,33,log_breadth,9.548460112862589e-15,120693
per_platform,33,log_depth,-0.011150618578627522,120693
per_platform,40,log_breadth,0.012921693305254741,120693
per_platform,40,log_depth,-0.01150229845259011,120693
per_platform,30,log_breadth,0.004297539075649941,120693
per_platform,30,log_depth,-0.00522167429995603,120693
per_platform,34,log_breadth,1.0312714224247621e-14,120693
per_platform,34,log_depth,-5.584583853952083e-06,120693
per_platform,32,log_breadth,6.1201044232461754e-15,120693
per_platform,32,log_depth,-0.0046272589162662916,120693
per_platform,36,log_breadth,8.398880549376209e-15,120693
per_platform,36,log_depth,-0.006075634390424423,120693
per_platform,43,log_breadth,0.019418350414936947,120693
per_platform,43,log_depth,-0.03578876592527156,120693
per_platform,38,log_breadth,0.00923585051819136,120693
per_platform,38,log_depth,-0.008320940929331859,120693
per_platform,35,log_breadth,0.03276872063687954,120693
per_platform,35,log_depth,-0.015609950265200167,120693
per_platform,42,log_breadth,0.03440513340306567,120693
per_platform,42,log_depth,-0.04307722826629892,120693
per_platform,41,log_breadth,0.034827470344078765,120693
per_platform,41,log_depth,-0.03965587671109074,120693
per_platform,44,log_breadth,0.033344537569773285,120693
per_platform,44,log_depth,-0.01700965348962357,120693
per_platform,51,log_breadth,0.008468434981604323,120693
per_platform,51,log_depth,-0.005194467254817285,120693
per_platform,46,log_breadth,0.016550817180812943,120693
per_platform,46,log_depth,-0.01798247615242873,120693
per_platform,45,log_breadth,0.006761140621120749,120693
per_platform,45,log_depth,-1.0251149725784965e-12,120693
per_platform,48,log_breadth,3.1255549635001573e-15,120693
per_platform,48,log_depth,5.466048066010665e-15,120693
per_platform,54,log_breadth,0.017792694301737938,120693
per_platform,54,log_depth,-0.023948728135120473,120693
per_platform,47,log_breadth,0.01627751246450743,120693
per_platform,47,log_depth,-0.01950409965551695,120693
per_platform,52,log_breadth,0.021446016921848554,120693
per_platform,52,log_depth,-0.015739881858707797,120693
per_platform,57,log_breadth,0.012553466318560136,120693
per_platform,57,log_depth,-0.004504752999567872,120693
per_platform,49,log_breadth,0.027484244246743634,120693
per_platform,49,log_depth,-0.02007453734418234,120693
per_platform,53,log_breadth,0.011638969900026896,120693
per_platform,53,log_depth,-0.012537447631453478,120693
per_platform,56,log_breadth,0.0236235562503211,120693
per_platform,56,log_depth,-0.03343970617520483,120693
per_platform,50,log_breadth,5.231492322677056e-15,120693
per_platform,50,log_depth,-0.003652687730388048,120693
per_platform,58,log_breadth,4.09429434800046e-14,120693
per_platform,58,log_depth,-1.2949543484768068e-06,120693
per_platform,64,log_breadth,0.009551335265844483,120693
per_platform,64,log_depth,-0.0021530681396875625,120693
per_platform,61,log_breadth,0.010008917235190751,120693
per_platform,61,log_depth,-0.029714782216364505,120693
per_platform,55,log_breadth,0.030699981875401777,120693
per_platform,55,log_depth,-0.03457883656680932,120693
per_platform,59,log_breadth,4.81906181626357e-15,120693
per_platform,59,log_depth,-1.5539107120243498e-14,120693
per_platform,60,log_breadth,0.0076298388802209915,120693
per_platform,60,log_depth,-0.030722340947646906,120693
per_platform,67,log_breadth,6.88565957723819e-14,120693
per_platform,67,log_depth,-0.012541420942069966,120693
per_platform,63,log_breadth,0.008641908491388711,120693
per_platform,63,log_depth,-0.009124008721078197,120693
per_platform,70,log_breadth,0.009850512989852999,120693
per_platform,70,log_depth,-0.02339077433621327,120693
per_platform,62,log_breadth,0.006494359538281034,120693
per_platform,62,log_depth,-0.020035966007136554,120693
per_platform,69,log_breadth,0.011011434888913652,120693
per_platform,69,log_depth,-0.028962846603006676,120693
per_platform,65,log_breadth,0.0020066160211103645,120693
per_platform,65,log_depth,-0.0190045499651528,120693
per_platform,71,log_breadth,0.003884341266505942,120693
per_platform,71,log_depth,-0.0031913590342263804,120693
per_platform,66,log_breadth,0.011953485056691224,120693
per_platform,66,log_depth,-0.007684679285026199,120693
per_platform,68,log_breadth,7.211752882980288e-05,120693
per_platform,68,log_depth,-0.009141663096497539,120693
per_platform,74,log_breadth,0.012103999372014786,120693
per_platform,74,log_depth,-0.012012601376171592,120693
per_platform,77,log_breadth,0.0240456570569742,120693
per_platform,77,log_depth,-0.012901716585110657,120693
per_platform,73,log_breadth,0.016749501537912027,120693
per_platform,73,log_depth,-0.020821207843393183,120693
per_platform,75,log_breadth,0.0022771577220606354,120693
per_platform,75,log_depth,-0.011716181655246193,120693
per_platform,72,log_breadth,0.020301079545646174,120693
per_platform,72,log_depth,-0.023717997139461627,120693
per_platform,79,log_breadth,0.022974035433998966,120693
per_platform,79,log_depth,-0.034533360006121734,120693
per_platform,81,log_breadth,0.010196113775001136,120693
per_platform,81,log_depth,-0.0042440733905053825,120693
per_platform,78,log_breadth,0.002439530410930585,120693
per_platform,78,log_depth,-0.0160885556967188,120693
per_platform,76,log_breadth,0.020692103758126273,120693
per_platform,76,log_depth,-0.02259288175613387,120693
per_platform,85,log_breadth,0.0007162048403165922,120693
per_platform,85,log_depth,-3.41548681180572e-13,120693
per_platform,80,log_breadth,0.014829786547802109,120693
per_platform,80,log_depth,-9.60434502210595e-14,120693
per_platform,87,log_breadth,0.013190897282601656,120693
per_platform,87,log_depth,-0.010652715552387665,120693
per_platform,84,log_breadth,0.011189012024264533,120693
per_platform,84,log_depth,-0.008202215226482472,120693
per_platform,82,log_breadth,0.012556920285968332,120693
per_platform,82,log_depth,-0.019101377472273487,120693
per_platform,83,log_breadth,0.012033484452990642,120693
per_platform,83,log_depth,-0.01304361407308574,120693
per_platform,90,log_breadth,0.014636565820203118,120693
per_platform,90,log_depth,-0.019543657266584517,120693
per_platform,86,log_breadth,0.02152897278028809,120693
per_platform,86,log_depth,-0.02310296086376644,120693
per_platform,89,log_breadth,7.646010560802274e-15,120693
per_platform,89,log_depth,-1.2706558702206879e-14,120693
per_platform,93,log_breadth,0.01743799958165882,120693
per_platform,93,log_depth,-0.004389998256460528,120693
per_platform,88,log_breadth,0.011430570466287773,120693
per_platform,88,log_depth,-0.016693431461131024,120693
per_platform,91,log_breadth,0.0038536929941307627,120693
per_platform,91,log_depth,-0.012861303068084333,120693
per_platform,96,log_breadth,0.0015443219213735482,120693
per_platform,96,log_depth,-0.022905921986567712,120693
pooled,2,log_breadth,0.09541117043969953,120693
pooled,2,log_depth,-0.08376358149758968,120693
per_platform,95,log_breadth,0.021735396276356928,120693
per_platform,95,log_depth,-0.026860149232327733,120693
per_platform,92,log_breadth,0.02043446403109687,120693
per_platform,92,log_depth,-0.01583521644304607,120693
per_platform,99,log_breadth,0.03826258953289292,120693
per_platform,99,log_depth,-0.04882184690530369,120693
per_platform,98,log_breadth,8.575388663056849e-15,120693
per_platform,98,log_depth,-0.014061246923754754,120693
per_platform,94,log_breadth,0.03863791875937837,120693
per_platform,94,log_depth,-0.04308894008297739,120693
pooled,1,log_breadth,0.09790258289840756,120693
pooled,1,log_depth,-0.08614241582604226,120693
per_platform,97,log_breadth,0.0019765764794038576,120693
per_platform,97,log_depth,-1.8205189918020697e-12,120693
pooled,0,log_breadth,0.08995306410106595,120693
pooled,0,log_depth,-0.07993276978148432,120693
pooled,6,log_breadth,0.08638226874295862,120693
pooled,6,log_depth,-0.07845066907292723,120693
pooled,5,log_breadth,0.08513547141111166,120693
pooled,5,log_depth,-0.07707199264661663,120693
pooled,4,log_breadth,0.09646611782175035,120693
pooled,4,log_depth,-0.09226576094945564,120693
pooled,3,log_breadth,0.09016408235591422,120693
pooled,3,log_depth,-0.07732702859813537,120693
pooled,10,log_breadth,0.11796614863883546,120693
pooled,10,log_depth,-0.09339959505627127,120693
pooled,9,log_breadth,0.09739824117918387,120693
pooled,9,log_depth,-0.08505520170228044,120693
pooled,7,log_breadth,0.08172656608926279,120693
pooled,7,log_depth,-0.07974835766696016,120693
pooled,12,log_breadth,0.09904598314271826,120693
pooled,12,log_depth,-0.08761020437860734,120693
pooled,8,log_breadth,0.09834750420713802,120693
pooled,8,log_depth,-0.09049096420924795,120693
pooled,11,log_breadth,0.09221756663602573,120693
pooled,11,log_depth,-0.08165659406524067,120693
pooled,14,log_breadth,0.10182509859567355,120693
pooled,14,log_depth,-0.09187796420397921,120693
pooled,15,log_breadth,0.0931746647485277,120693
pooled,15,log_depth,-0.08765217778038932,120693
pooled,13,log_breadth,0.08868647374307191,120693
pooled,13,log_depth,-0.07645615050937847,120693
pooled,16,log_breadth,0.09581298119962867,120693
pooled,16,log_depth,-0.0879839734860457,120693
pooled,19,log_breadth,0.08973596875439127,120693
pooled,19,log_depth,-0.08950860531397598,120693
pooled,17,log_breadth,0.09254495834983249,120693
pooled,17,log_depth,-0.07925430309366611,120693
pooled,18,log_breadth,0.08468328933966188,120693
pooled,18,log_depth,-0.07869983650933222,120693
pooled,22,log_breadth,0.10129943492591945,120693
pooled,22,log_depth,-0.08934427213272893,120693
pooled,20,log_breadth,0.090192525091175,120693
pooled,20,log_depth,-0.08500163078386709,120693
pooled,25,log_breadth,0.11407498232183816,120693
pooled,25,log_depth,-0.09605413161172514,120693
pooled,26,log_breadth,0.08296109234071275,120693
pooled,26,log_depth,-0.07467195120895906,120693
pooled,21,log_breadth,0.1153312293708364,120693
pooled,21,log_depth,-0.09879202607929646,120693
pooled,23,log_breadth,0.09611993538402067,120693
pooled,23,log_depth,-0.08727386006043321,120693
pooled,24,log_breadth,0.09864291926318743,120693
pooled,24,log_depth,-0.0868229015540638,120693
pooled,28,log_breadth,0.10165657501337245,120693
pooled,28,log_depth,-0.08528087980878803,120693
pooled,27,log_breadth,0.08743155549828252,120693
pooled,27,log_depth,-0.08332594564705272,120693
pooled,29,log_breadth,0.10168579565216815,120693
pooled,29,log_depth,-0.0987290128559533,120693
pooled,32,log_breadth,0.09278295875360106,120693
pooled,32,log_depth,-0.08951776135109549,120693
pooled,30,log_breadth,0.1146300721542367,120693
pooled,30,log_depth,-0.0932388332639977,120693
pooled,35,log_breadth,0.07900350901704038,120693
pooled,35,log_depth,-0.07883983297097152,120693
pooled,34,log_breadth,0.08624857016214915,120693
pooled,34,log_depth,-0.08120326185544682,120693
pooled,31,log_breadth,0.08085627967142661,120693
pooled,31,log_depth,-0.07840811442555265,120693
pooled,33,log_breadth,0.1095179452806665,120693
pooled,33,log_depth,-0.0933060644170421,120693
pooled,36,log_breadth,0.09670950629558119,120693
pooled,36,log_depth,-0.08818037461468406,120693
pooled,39,log_breadth,0.08759646638276014,120693
pooled,39,log_depth,-0.07743914063125372,120693
pooled,37,log_breadth,0.08714848449931015,120693
pooled,37,log_depth,-0.07951862161531383,120693
pooled,41,log_breadth,0.10157421953798576,120693
pooled,41,log_depth,-0.09221343366765711,120693
pooled,38,log_breadth,0.11471986554569163,120693
pooled,38,log_depth,-0.09382093645367844,120693
pooled,40,log_breadth,0.09330125737061772,120693
pooled,40,log_depth,-0.08507532952738002,120693
pooled,42,log_breadth,0.09634014034588059,120693
pooled,42,log_depth,-0.08189292497056555,120693
pooled,45,log_breadth,0.08155747876895895,120693
pooled,45,log_depth,-0.07476317354172107,120693
pooled,44,log_breadth,0.11557696939543571,120693
pooled,44,log_depth,-0.10268283282499134,120693
pooled,43,log_breadth,0.11307415807078959,120693
pooled,43,log_depth,-0.10403726519367876,120693
pooled,46,log_breadth,0.09908044933914463,120693
pooled,46,log_depth,-0.08465648141540637,120693
pooled,49,log_breadth,0.1100383755522188,120693
pooled,49,log_depth,-0.09604728644905036,120693
pooled,51,log_breadth,0.0986789883218417,120693
pooled,51,log_depth,-0.09008855483679878,120693
pooled,47,log_breadth,0.11938904795092407,120693
pooled,47,log_depth,-0.10209867459097587,120693
pooled,48,log_breadth,0.08027921085180069,120693
pooled,48,log_depth,-0.0721883435465666,120693
pooled,50,log_breadth,0.07771643783171651,120693
pooled,50,log_depth,-0.07606487198953245,120693
pooled,54,log_breadth,0.12025008048776444,120693
pooled,54,log_depth,-0.09909862021270026,120693
pooled,52,log_breadth,0.08214646457060593,120693
pooled,52,log_depth,-0.07506494289248074,120693
pooled,55,log_breadth,0.07932631097179584,120693
pooled,55,log_depth,-0.07642234939586831,120693
pooled,53,log_breadth,0.11554319517810495,120693
pooled,53,log_depth,-0.09794445709185585,120693
pooled,56,log_breadth,0.09772510613096655,120693
pooled,56,log_depth,-0.08412640556012382,120693
pooled,59,log_breadth,0.10526305954803707,120693
pooled,59,log_depth,-0.08967356128530998,120693
pooled,60,log_breadth,0.08816285816942303,120693
pooled,60,log_depth,-0.08202348442994006,120693
pooled,57,log_breadth,0.10410126266785835,120693
pooled,57,log_depth,-0.09744335129913899,120693
pooled,58,log_breadth,0.08794519928933395,120693
pooled,58,log_depth,-0.07971526415332285,120693
pooled,64,log_breadth,0.10817762392142438,120693
pooled,64,log_depth,-0.09494182834526534,120693
pooled,61,log_breadth,0.1088886656682885,120693
pooled,61,log_depth,-0.09242931787135995,120693
pooled,62,log_breadth,0.08861062475081818,120693
pooled,62,log_depth,-0.0727301047940282,120693
pooled,66,log_breadth,0.09410596494198342,120693
pooled,66,log_depth,-0.086363414926668,120693
pooled,68,log_breadth,0.12000340539722157,120693
pooled,68,log_depth,-0.1036479435380912,120693
pooled,63,log_breadth,0.10119034672215042,120693
pooled,63,log_depth,-0.08944771652759274,120693
pooled,65,log_breadth,0.09764979982793352,120693
pooled,65,log_depth,-0.08424279275998035,120693
pooled,67,log_breadth,0.08389291063480696,120693
pooled,67,log_depth,-0.07693199117198662,120693
pooled,69,log_breadth,0.09144289406838402,120693
pooled,69,log_depth,-0.0845680787603179,120693
pooled,70,log_breadth,0.0855026329468214,120693
pooled,70,log_depth,-0.08691512442993647,120693
pooled,73,log_breadth,0.10257991446181669,120693
pooled,73,log_depth,-0.09118813628759295,120693
pooled,71,log_breadth,0.08510926286141529,120693
pooled,71,log_depth,-0.07425981725011106,120693
pooled,72,log_breadth,0.08879383243744894,120693
pooled,72,log_depth,-0.07717855144246746,120693
pooled,76,log_breadth,0.08542474227762784,120693
pooled,76,log_depth,-0.076662548071652,120693
pooled,77,log_breadth,0.09866952387563209,120693
pooled,77,log_depth,-0.08585688395134407,120693
pooled,74,log_breadth,0.09472241503755952,120693
pooled,74,log_depth,-0.07958740009731802,120693
pooled,75,log_breadth,0.08136550200124038,120693
pooled,75,log_depth,-0.07837079418825292,120693
pooled,81,log_breadth,0.09018267044271647,120693
pooled,81,log_depth,-0.07391056270248585,120693
pooled,78,log_breadth,0.1152483882920031,120693
pooled,78,log_depth,-0.09882537533114998,120693
pooled,79,log_breadth,0.08961316669613772,120693
pooled,79,log_depth,-0.08637479718182452,120693
pooled,82,log_breadth,0.10090219265696966,120693
pooled,82,log_depth,-0.0872462983971727,120693
pooled,80,log_breadth,0.10440599544863316,120693
pooled,80,log_depth,-0.08918755975748016,120693
pooled,83,log_breadth,0.1051324486063409,120693
pooled,83,log_depth,-0.08676153698054269,120693
pooled,86,log_breadth,0.10161405942732805,120693
pooled,86,log_depth,-0.0933206699114519,120693
pooled,87,log_breadth,0.09708010861892138,120693
pooled,87,log_depth,-0.08287042983908639,120693
pooled,84,log_breadth,0.08762085845979786,120693
pooled,84,log_depth,-0.07732665004225064,120693
pooled,85,log_breadth,0.09306183656795342,120693
pooled,85,log_depth,-0.08365797697199345,120693
pooled,90,log_breadth,0.11351348266531229,120693
pooled,90,log_depth,-0.09286379048232679,120693
pooled,88,log_breadth,0.0709675224816233,120693
pooled,88,log_depth,-0.06536481456027793,120693
pooled,89,log_breadth,0.08524150339122018,120693
pooled,89,log_depth,-0.07847256041666684,120693
pooled,93,log_breadth,0.08682532640633311,120693
pooled,93,log_depth,-0.08064921471424878,120693
pooled,91,log_breadth,0.10735723758527085,120693
pooled,91,log_depth,-0.09392008457128713,120693
pooled,92,log_breadth,0.11719185641304851,120693
pooled,92,log_depth,-0.10292042482563106,120693
pooled,95,log_breadth,0.09464599212871244,120693
pooled,95,log_depth,-0.09275886781683493,120693
pooled,94,log_breadth,0.10383605279965219,120693
pooled,94,log_depth,-0.08881172548556934,120693
pooled,96,log_breadth,0.10421669956321189,120693
pooled,96,log_depth,-0.0917107972986438,120693
pooled,97,log_breadth,0.08110132941022133,120693
pooled,97,log_depth,-0.08099969139874007,120693
pooled,98,log_breadth,0.11216083770892658,120693
pooled,98,log_depth,-0.09700181190437683,120693
pooled,99,log_breadth,0.09620714543568727,120693
pooled,99,log_depth,-0.08452966541006576,120693
